Livvyy|Tound|1|Marrakech|Taiwan, Province of China|SN|b728d0bf-3513-44b1-9a18-cccf9e48334d
Kristina|Hillel|2|Iquique|Argentina|GR|18955c25-d187-4755-8f84-e6e888f3863e
Korrie|Leary|3|San Carlos de Bariloche|Papua New Guinea|FK|0342c092-0d50-4b3a-b89f-d7a658c87e45
Misha|Salchunas|4|Saint Petersburg|French Polynesia|KG|0fbf9e23-423a-4609-8aab-5e3ef8dbce43
Ebonee|Neva|5|Guatemala City|Martinique|TC|5df2a744-998e-472f-920e-39c752f4eb1f
Modestia|Revkah|6|Port-au-Prince|Israel|ID|287118d7-c964-4f02-8887-d2ab6fadfbce
Christal|Torray|7|Yokohama|Philippines|TR|ac98eaa9-b681-4c26-be7a-77e46850aabc
Carolina|Damarra|8|Nairobi|Congo, The Democratic Republic of the|GM|ce843f36-0fe1-44cd-8d68-9b590ae6a8cf
Dagmar|Leary|9|Dubai|Mauritania|ST|f1030988-0d6a-4de4-a81c-6a68c9f5dc01
Celene|Eno|10|Tagbilaran|Panama|UA|a6bcbc16-e3eb-46bc-9f4a-4544085da47e
Gratia|Papageno|11|Maceió|Lithuania|KZ|608512cc-9af4-41c7-953b-3a74ffb93d86
Lanna|Silvan|12|Accra|Cameroon|BF|65eb9d6c-6851-4481-9d8b-b673c7b15be0
Nollie|Mozelle|13|Labasa|Ireland|OM|df9224e5-2c3e-474b-bd1a-0ba74396c4e0
Janenna|Hathaway|14|Yogyakarta (city)|Eritrea|LV|4530866e-2365-43e3-9deb-bcefb0e28f03
Tina|Thad|15|Nizhny Novgorod|Greece|BB|3679c4d3-ef2d-4189-b018-993abae95b1a
Rosabelle|Oriana|16|Freetown|Gambia|AO|ae67561f-1eec-4bb7-8004-2c83dc1ace37
Lizzie|Carri|17|Harare|Vanuatu|SV|9f5da339-dbd5-4e8f-aa1e-cd6b5a492a94
Christian|Meli|18|Vilnius|Guyana|ID|cb406465-1a54-481f-8d32-460e0622d620
Ann-Marie|Casimir|19|Samara|Ethiopia|US|3ad4befa-525e-42a3-98a1-c602f8666668
Chere|Hurley|20|İzmir|Malaysia|ET|675ea745-d47a-4373-b53c-c1305c08caeb
Kittie|Pierette|21|Sacramento|Mozambique|EH|cf7907ec-f5cb-44b5-b350-9838659afb41
Alyssa|Cherianne|22|Denpasar|Slovakia|FI|e81c7109-b6bf-4e2e-9d6f-82ab59dd918f
Sallie|Naor|23|Perth|Aruba|GP|332fd5e0-bebd-48a2-bf1e-d700848052c6
Dari|Daveta|24|Agartala|Brazil|BF|f8093a87-9d68-445a-8ebc-390ca1363243
Tina|Millda|25|Nouméa|Cameroon|SE|15ad87a0-217b-49a3-a81e-0f62098cc2c7
Gwenneth|Stilwell|26|Guatemala City|Poland|ET|d6062785-e2e2-4e4c-b7e6-4dd14375295a
Christy|Aldric|27|Wuhan|Bangladesh|FR|c81a9db2-ca29-411f-9d70-5e5003c66f3d
Farrah|Ephrem|28|Manchester|Pakistan|DJ|606af72a-9618-40a6-9d83-b2d67775b23a
Karina|Bennie|29|Bangkok|Greece|SH|b03ba067-bb3f-4f84-8975-140770be475e
Sibella|Roumell|30|Cleveland|Christmas Island|VC|efb08826-00f9-4d4a-9eba-28be5191d30b
Tina|Couture|31|Auckland|Hungary|CY|4487ec65-ea30-4e78-a35b-206be525a95f
Laurene|Hull|32|Hanoi|Hong Kong|TJ|7b6e9d1a-c1c6-4151-a755-32e9eabf722b
Lelah|Romelda|33|Saint Petersburg|"Cote D""Ivoire"|CZ|01455bb2-a0fa-440e-8a16-35a93d7353b6
Catrina|Breed|34|Mendoza|French Southern Territories|KW|a3d6b27f-cf41-40d3-ba92-a27c216d9e39
Merle|Marcellus|35|Kawasaki|Nauru|LV|c1e0c177-4f45-4bdf-a2ff-9c69321236e8
Leanna|Raffo|36|Auckland|Myanmar|GM|64754d3c-c9d8-472f-816d-402fef693875
Frances|Melleta|37|Vientiane|Nepal|KM|e138dbc5-b759-4d07-a36e-d7654f7f7fce
Nessie|Laurianne|38|Aberdeen|Solomon Islands|AN|4057bcf2-9260-4671-815f-3fc1a4b6d52a
Laurene|Sholley|39|Labasa|French Guiana|SE|1f3330f1-e8cd-43c5-9a6e-ad9e200c8968
Atlanta|Martsen|40|Port Blair|Faroe Islands|LY|0d37e3a3-0bea-4f9a-a026-e76c29d555e0
Fawne|Moina|41|Handan|Korea, Republic of|CY|b14bb8cb-fbc0-4bae-93c5-35f4a3bf4dea
Kaia|Durware|42|Kandy|Antigua and Barbuda|FK|fbc3af58-0342-4f96-af73-66311423d5bb
Madalyn|Bandeen|43|Calama|Georgia|BE|96ab3dfd-1e28-4b91-94dc-63af0f6ae225
Alexine|Amand|44|Karachi|French Polynesia|CX|2dedd87d-d4ce-492b-a7b2-0333d7810ba7
Meg|Gaulin|45|Incheon|Wallis and Futuna|GW|1bfc4090-1c1f-4aae-b440-f274b3e0203e
Moyna|Jess|46|Port Elizabeth|Burundi|AN|c25415cd-55c2-4e82-89dc-5aa533723e05
Sibella|Jotham|47|Jerusalem|Mauritius|FM|172a0bf3-ecb9-44fa-a670-16c3ee0bfbe4
Lilith|Ehrman|48|Vientiane|Puerto Rico|UG|eda4fa81-5932-4759-9b3d-8a9729bae833
Basia|Daegal|49|Bandar Seri Begawan|Niger|MY|05eb9d75-7f22-4269-a805-e3f588dc6f87
Yolane|Ephrem|50|Porto|Falkland Islands (Malvinas)|TR|0cae6aab-c1cf-4372-a9aa-94a135a0ea6a
Nannie|Gaynor|51|Córdoba|Virgin Islands, British|AF|8347a7f6-2202-434d-af29-1e2c9ae5a717
Elyssa|Adalbert|52|Cardiff|Portugal|AZ|0bfa7e61-1340-4a06-a3a3-b8db94df2af4
Carolina|Schlosser|53|San Carlos de Bariloche|Sudan|SY|859b04c7-6f84-45f7-adb6-9009d6cefd6b
Jobi|Ferino|54|Cartagena|Papua New Guinea|GB|d8cf1080-f90c-4544-88d4-86e036798a53
Cassandra|Raseda|55|Punta Arenas|Palestinian Territory, Occupied|HR|d0d26734-7e21-45b5-a843-cb2958af10f6
Paulita|Edvard|56|Innsbruck|Syrian Arab Republic|NZ|c4f99cc7-caba-42cc-8772-18b628c65898
Reeba|Margret|57|Alexandria|Russian Federation|BA|8f9c2349-5c81-41fe-8133-dd5555ddff69
Jessamyn|Bronk|58|Pattaya|Guam|TZ|643a7335-70d8-4617-bd84-9eda42f65cf5
Dulcinea|Florina|59|Hong Kong|Philippines|TR|1cfcea4b-72fd-4a43-a3ef-44ac06499bcc
Damaris|Erich|60|Suez|Luxembourg|TK|9fb71a95-0e19-4293-b8ef-e16f34c5e8dd
Ardys|Kronfeld|61|Montevideo|Nauru|US|db411400-b55f-4644-b1d7-1dfed9701170
Jessy|Wu|62|Nice|Kenya|EH|277aea3e-4190-4228-b049-4354516499cd
Leeanne|Meli|63|Jinan|Pitcairn|LR|b7a6133b-3b2b-432c-a0d4-8b621469304e
Nikki|Aurelio|64|Saint John|Kiribati|HM|ef17fc97-fee7-4a8d-84be-59fd6d731563
Hallie|Emmy|65|Chaguanas|Pakistan|GU|469bd7fd-190e-41de-b6a8-f88b5c00e2f0
Livvyy|Han|66|Rome|Slovenia|IT|e2f0ede3-8ddc-4a70-9910-6e2aab3ddb0b
Benita|Byrne|67|Fukuoka|Macedonia, The Former Yugoslav Republic of|VA|5e04da9f-a6d4-42f9-9a5d-5c8e25d8f29f
Ardys|Cleavland|68|Arbil|Bangladesh|AS|67ecfa49-738c-4d18-a3b1-973c7a096e1f
Rhoda|Grayce|69|Bridgetown|Saint Pierre and Miquelon|LV|ad0f0f22-e6e2-4f06-b606-ca81b1830491
Deloria|Sigfrid|70|Birkirkara|Togo|JE|1cbcf541-202c-49fb-a4b7-6dca1d80c022
Mariann|Firmin|71|Antofagasta|Mozambique|RE|1eca0cee-b5bb-462b-8e06-d1124f54f7ce
Calla|Madaih|72|Kuala Lumpur|American Samoa|SM|932d0fc2-1ade-4fd5-8c51-7e0a4b9fb474
Jere|Matthew|73|El Paso|Egypt|CU|833ef779-d178-413c-ae47-1ab812f777d8
Ann-Marie|Roarke|74|Tiraspol|Mayotte|CC|94e2674f-48fc-44c2-91dd-8c2976ca1af8
Melina|Edmund|75|Cairns|Malaysia|GU|6261af28-a536-4a2a-9b14-f4c50f79077f
Dulce|Jehu|76|Kiev|Micronesia, Federated States of|DK|82bd5085-590d-4aab-93a5-70e5b3cb3583
Roslyn|Sheedy|77|Guatemala City|Heard Island and Mcdonald Islands|PS|05a2edff-a6e0-4e03-888b-f3697d23bb41
Adore|Ophelia|78|Calama|Palestinian Territory, Occupied|SM|04083751-99d9-4690-a9bb-dc3262e2dfd1
Ekaterina|Saunderson|79|Veracruz|Montserrat|IT|f23cbf9f-755f-40e0-9651-d23e9a66a3d4
Ayn|Pitt|80|Denpasar|San Marino|TK|662dc507-04af-4e69-ad7e-f79b61428e26
Aaren|Hazlett|81|Shenzhen|Canada|MY|9855141d-1c3e-41cf-b830-dc0f799aefdd
Gabriellia|Rocray|82|Kawasaki|Japan|WF|4d0d63c7-bd77-43d1-9d80-88e28950e031
Therine|Sadowski|83|Abu Dhabi|Canada|CS|a2d9c801-410e-4ca1-89e4-213268f399f1
Hyacinthe|Parette|84|Magadan|Bulgaria|RU|e19e56d3-d3da-45e8-860c-9e001765a91b
Max|Publia|85|San Antonio|Venezuela|NI|c805030b-75a0-4b6b-b35d-aafe39f42baa
Nicoli|Annabella|86|Kandy|Thailand|SM|d58b4c3e-2d97-490d-9dc6-5c6d50aad05d
Maye|Skurnik|87|Bulawayo|Sao Tome and Principe|CG|924f436b-b1e0-4afb-9b73-37cf0b98a310
Kellen|Aaberg|88|Monaco|"Korea, Democratic People""S Republic of"|BT|b9d2c25b-700d-49e2-aa57-ec520f02b81e
Kary|Japeth|89|Kiev|Cayman Islands|MY|a03269c3-7da3-4577-96e2-bb9be2a4790a
Ermengarde|Orlene|90|Santiago de Cuba|Poland|CC|7a47862f-cce2-46a5-8a8d-d39241921784
Yvonne|Cristi|91|Vientiane|Cape Verde|NP|59eeebe6-7046-4e18-be59-936a393b65dc
Damaris|Medrek|92|Ibiza|Barbados|FK|30d5fcf7-3e9d-457a-9445-334ee785d3f9
Phedra|Atcliffe|93|Sucre|Kazakhstan|US|67d8b01b-4cda-4163-9114-d67486e4b348
Halette|Yate|94|Astana|Lithuania|BM|5a9bec47-b1f1-4836-bbd5-448501491bd4
Daphne|Tippets|95|Basra|Mali|GY|2c587636-18bb-46d2-a42f-55d7dfe05103
Robinia|LaRue|96|Boa Vista|India|MQ|7834fa4c-e155-447a-b3ce-9e053a414323
Gusella|O'Neill|97|Nanning|Kazakhstan|FK|9b66f0d6-a46d-45a5-97f1-c2ecea869a5b
Theodora|Malina|98|Shanghai|Antigua and Barbuda|JE|057b3c04-2455-42cd-ab7b-f780aae01b79
Elsie|Cleo|99|Stockholm|Croatia|MZ|93b787a3-0e83-49f6-b25f-eb5c8d5a7b90
Tina|Engdahl|100|Havana|Marshall Islands|CL|c9b9db50-44bf-48cc-b019-6c568282e7e7
Marnia|Jary|101|Gaziantep|Italy|PE|d4e5f811-ef6f-41b6-804a-69b11b461d5e
Jacenta|Fontana|102|Nukulaelae|Uganda|MN|d1879b7a-ffad-45e5-b76f-df02bed402ae
Joceline|Fabiola|103|Gdańsk|Cocos (Keeling) Islands|GT|853b485b-c9b7-4fca-a994-be13546759e1
Giustina|Bendick|104|Cardiff|New Caledonia|GS|5b4f88f0-3ffe-4962-bcf6-ffa6bb05604e
Audrie|Romelda|105|Banda Aceh|Guadeloupe|MK|629fdf5f-28b8-408e-a6f5-1ec40f84381d
Alyssa|Stevy|106|Wichita|Greenland|IE|d99aac1b-8114-45fb-924c-9b18570fb210
Ninnetta|Kathie|107|Barcelona|Palestinian Territory, Occupied|AS|805b8934-744b-4481-ab30-ef97ce75c500
Gabriellia|Marcellus|108|Malé|Tokelau|DM|e4374f22-91f9-4f84-aadb-8acf5f50112f
Jenda|Gaynor|109|St. John's|Morocco|SD|44deb259-c083-4e77-91f5-e8169916969a
Cissiee|Sammons|110|Perm|Cocos (Keeling) Islands|ML|7b043928-7924-4003-8349-cc150769216f
Nicoli|Ophelia|111|Tashkent|Heard Island and Mcdonald Islands|MH|e33c946b-b05d-4015-9b81-bd3ca0380efb
Tami|Simmonds|112|Islamabad|Greenland|ID|53471ae3-127a-4a70-82a9-e58ce449b8fb
Olivette|Barney|113|Kuala Lumpur|Cocos (Keeling) Islands|BI|fdfa4577-7ba4-4a5d-93e9-3b793fe00445
Chrystel|Si|114|Taiyuan|Svalbard and Jan Mayen|GR|29cd1f66-13bd-43a8-a97a-250e935e9939
Neila|Suzetta|115|Bangalore|Macedonia, The Former Yugoslav Republic of|TR|660dd7ef-4894-4d0a-9580-7445666cd11e
Christy|Brenn|116|Santiago|Israel|TH|64cdc995-c7e0-4880-9583-b93088e9bbc7
Briney|Grimbly|117|Chişinău|India|KH|1df731c5-468c-4eb6-bae9-9cc0f7b2008f
Flo|Randene|118|İzmir|Saint Lucia|SG|fa9fcede-345e-4439-aa3d-27fd5fcce0c3
Jillayne|Taima|119|Tianjin|Libyan Arab Jamahiriya|TR|bdd7c1bf-7904-48c7-b9c1-d8079075e408
Desirae|Lindemann|120|Cardiff|Yemen|GL|3ae04e1d-a47d-445e-805a-e435c1877599
Eugine|Alice|121|Tianjin|Albania|AR|2cbeed51-bf0b-4cec-8f32-35e946204cec
Melina|Adamsen|122|Hargeisa|Heard Island and Mcdonald Islands|TD|9ccd9198-9b31-4c06-ab35-d0b35f2696af
Dacia|Lasley|123|Nassau|French Southern Territories|GM|acc88c57-81b6-479f-bccf-588578ceb9e2
Edith|Jacobah|124|Road Town|Norway|JM|9d9ef5d2-13d0-4a77-bbef-4f6acb0060af
Mildrid|Kathie|125|Porto|Afghanistan|OM|05f4ef05-e20e-43a0-b7c7-d2cc0ffa3793
Ingrid|Carey|126|Cali|United States|DE|d3ed09a3-5b9e-46b6-84fa-93cdb63eca20
Tabbatha|Marcellus|127|Bahía Blanca|Dominica|GF|eca8135f-3142-4daa-bed8-5e12617da24a
Ivett|Charity|128|The Valley|Ecuador|PS|e85cb70e-54d3-4b10-9552-07745ecd7ee3
Aryn|Hunfredo|129|Asunción|Aruba|AW|c4ac2cfb-626a-4b59-9b5d-70a88fa57b52
Jacenta|Rozanna|130|N'Djamena|Madagascar|TT|02e4e152-871a-45d8-9a5b-7a9e4fd14e10
Rani|Thar|131|Pretoria|Equatorial Guinea|LY|4e764075-4441-4012-9d9b-96964ad2fae6
Nessie|Standing|132|Nouakchott|China|PF|a89093ba-8b84-4ced-af48-36db14006dec
Josephine|Artie|133|Barcelona|Jordan|FK|19132a3a-fccf-4e68-809c-429f710efd45
Jere|Norrie|134|Malacca Town|Uruguay|FM|e563c2c3-57c6-4867-91a7-09fe3d0548ad
Tori|Billye|135|Recife|Jamaica|MG|331e2941-4094-4fed-917c-e00c082e6b78
Jillayne|Brieta|136|Graz|Lebanon|JE|f6559b0c-057b-4f65-8500-1138ef6b6e52
Olwen|Gert|137|Kathmandu|Netherlands|MM|b763ed90-41b3-4f15-8bcb-24156c52f319
Mariele|Danby|138|Quezon City|Cameroon|PG|98f73f88-8d3b-44d0-b313-88da8cfb1dfe
Lolita|Harday|139|Minneapolis|Zimbabwe|ER|13d9fde8-ea9d-43de-91fa-8e96d2f119b0
Gisela|McNully|140|Antwerp|Gambia|AG|e2aab1f8-7862-4d94-bafa-ab64039a7bbb
Beatriz|Hailee|141|Fort-de-France|Kuwait|GA|ef82ec18-5aec-4a5f-9b18-fd6870225bb2
Imojean|Syd|142|Aarhus|Pitcairn|CY|29846e72-6c51-4566-9dc2-dc7d24597b60
Aurore|Peg|143|Simferopol|South Africa|MC|637c65b4-5494-4c29-9007-68c429e278a4
Belinda|Byrne|144|Ottawa|Bahamas|NZ|67e59d7e-9e67-444c-9d46-78c47029eb64
Jessy|Vale|145|Adelaide|American Samoa|NO|5749df02-87c5-47f5-a80e-34675a146d60
Sarette|Gladstone|146|Luanda|Israel|DK|280baf5c-e1e8-4eba-b145-1a5f6a1b6da9
Jeanna|Prober|147|Tashkent|United States Minor Outlying Islands|AT|f7486ac9-d9e1-410a-9dea-c3dc39af2d2b
Shaylyn|Marlie|148|Nairobi|Liechtenstein|PS|06d1b018-328f-427d-aa93-c0705a4094ff
Sara-Ann|Kellby|149|Minsk|Liberia|AR|b5a4a97d-90b7-40d1-bbd5-a61ee01403a2
Jsandye|Maurine|150|Maceió|Maldives|MZ|050589db-47e5-455c-a301-3854ca0afd28
Lily|Behre|151|Iqaluit|Hungary|NE|2007cd1a-066f-4a80-8331-61971c347417
Melisent|Schroth|152|Fort-de-France|Dominican Republic|UM|fd95a2fe-5b0c-41c8-93a3-ca213782e576
Sashenka|Mayeda|153|San Diego|Lebanon|GG|99542e1a-6a07-40af-9284-bae90a403394
Jordan|Brunell|154|Bogotá|Nepal|KH|2c532bf4-823a-41eb-80fa-54376722c751
Candy|Prouty|155|Liverpool|Pakistan|FJ|2f69f477-3fa2-47c8-bb36-586a05ceeeda
Briney|Diogenes|156|Serekunda|Bahrain|AN|884e5282-cf53-4fe5-9b6e-ceca8a981d35
Evita|Toffic|157|Patna|Paraguay|FJ|d5a4f66e-64af-4376-ba1f-41cc31f6666a
Sissy|Wyn|158|Mersin|Indonesia|CZ|9c788c12-5e9a-4c2b-a2e4-567dd2f35574
Nadine|Thornburg|159|Concepción|Hungary|KM|7d76c0cf-91fd-4534-9753-d32dbeb0ad15
Nadine|Loeb|160|Muscat|Benin|BW|fc8ef17e-793b-49fb-8897-47cc41d7b891
Maye|Devlen|161|Curitiba|Palestinian Territory, Occupied|CI|5963371b-41b2-409f-9089-e0e31f753422
Louella|Leifeste|162|Andorra la Vella|Seychelles|CO|fd037318-f58a-4b6c-9f91-922e0c04ba14
Blinni|Jorgan|163|Pattaya|Saint Vincent and the Grenadines|MZ|61dca4a0-827a-48ef-a292-5a28c8bcb0e7
Binny|Rudolph|164|Mogadishu|Bosnia and Herzegovina|SC|e3952d24-0d7a-4225-bb69-9e6e2c37e366
Leeanne|Charity|165|Ankara|Yemen|CV|d5708fe1-782d-49e8-a8e8-1d42a3932aa0
Pamella|Ariella|166|Winnipeg|Romania|TW|31921b67-c73e-497f-836a-cf6c86c707cb
Mildrid|Zachary|167|Ibadan|Guatemala|WS|6aca3432-581d-4481-88ae-156db7e96b30
Cherrita|Burkle|168|Fort-de-France|Kazakhstan|MZ|63de81cc-41d3-4e7b-9d26-5b731cfef754
Tracey|Posner|169|Jamestown|Bulgaria|LY|69403709-c51f-4ada-9d8b-7feac8260234
Hannis|Velick|170|Bratsk|RWANDA|NU|2533cdd5-d835-4c24-aa49-c95027b55612
Blondelle|Joeann|171|Washington|Bangladesh|KW|8edfd96e-b142-41dc-bbd7-3424d6c8acf6
Jasmina|Chesna|172|Monrovia|Nigeria|SC|7cedeabe-133b-405b-85a3-735e26be9b0d
Sashenka|Niccolo|173|Hai Phong|Latvia|MG|060e8ee3-5732-4668-ad5d-9710ef38516a
Randa|Abernon|174|Willemstad|Australia|LS|8e18b8fe-e36f-48f4-bc3d-7ac28730b778
Joleen|Waldron|175|Jakarta|Turks and Caicos Islands|PY|5a42c1f5-cf9e-49a4-9bf7-eaaa0a1d7b47
Phedra|Stuart|176|Tripoli|Belarus|HN|e3fe5b88-7a01-4bca-a818-e395bda4f43c
Kaja|McGrody|177|Amsterdam|Congo|NF|9e1f5375-c7c6-404b-85c3-98091e3a97cb
Corry|Jammal|178|Nuuk|Azerbaijan|KI|17fa51b8-ad76-46a6-9689-e11dfba63fc0
Carilyn|Shama|179|Changchun|Cocos (Keeling) Islands|IR|8c48ae0b-9e2d-473e-98e3-d8f2ea56d17f
Lyssa|Sparhawk|180|Basse-Terre|Australia|NP|983ed6af-8587-4055-a0d1-d21526c675d2
Stephanie|Vale|181|Rabat|Micronesia, Federated States of|MM|3df69393-ceab-4457-93c4-20e72f8af667
Cassondra|Francyne|182|Charlotte|Qatar|OM|d451e025-74f0-4945-9cc3-a268cdf0ec9f
Frank|Bronk|183|Bulawayo|Nepal|LA|a04088c3-bfde-4025-a791-5dda6b31b94b
Amelia|Docilla|184|Saint John|Saint Kitts and Nevis|AS|643c480d-4d3e-416c-a8d9-11f2ebb0dfd7
Clementine|Viddah|185|Dushanbe|Guam|KR|cd425dcd-8bff-4935-8850-52b535e42e39
Rivalee|Rubie|186|Tripoli|AndorrA|MH|63b65ef1-fb74-423d-894b-7a0ee7311123
Marylou|Payson|187|Mérida|Mozambique|DK|aac4573b-2e0c-4e30-a0eb-54808e01a81f
Adore|Linehan|188|Frankfurt|Haiti|BJ|9a21c459-31f4-45ea-9587-25e1cf0d17cc
Allis|Saint|189|Calgary|Russian Federation|GP|b58e0c70-17f4-46ca-81bd-2a184086db8c
Fredericka|Loleta|190|Nagpur|Hong Kong|DO|27df7e91-6110-493f-b807-fb95e91f0076
Kaja|Ovid|191|Nukulaelae|Guadeloupe|BF|4d5d2239-2ac5-4cd2-b9d4-80603efcb3c6
Eolanda|Brandice|192|Abidjan|Ghana|SB|7168c5a4-24cd-4caf-b9a4-82e2dbed3010
Angela|Vernier|193|Puerto Williams|Wallis and Futuna|BJ|9b1d6ec9-74b5-40ce-9e5a-c8b02d94c65f
Melina|Manolo|194|Juneau|Guinea|KZ|d694d6be-cadb-4326-9ef5-4290154baed5
Mahalia|Raama|195|Málaga|Saint Kitts and Nevis|CN|aecca9fc-be5f-44a9-b85c-df5b86c30222
Kelly|Faro|196|Fairbanks|Oman|PT|2a4037cc-6143-4df3-b2c6-1d1f86e21575
Ivett|Kelula|197|Multan|San Marino|US|a78e7a39-3121-46ce-90bd-2d58e91f7bdc
Nannie|Lasley|198|Okinawa|Saint Kitts and Nevis|FJ|daf5dd3d-649f-4761-b178-cca54c5f97c8
Aurelie|Bendick|199|Dushanbe|Bangladesh|CL|5e559c03-e464-4d54-83ec-94d34537e268
Dione|Cavan|200|Mata-Utu|Brazil|CI|b4994ca4-8f4e-46b4-89f9-62b4aef3a41b
Albertina|Gibbeon|201|Hong Kong|Mongolia|ES|9a1d0683-92a4-46af-8418-409fb83e0c97
Trudie|Serilda|202|St. John's|China|JP|980b8f2e-3087-43a3-8a51-12930ec16f93
Addia|Sparhawk|203|Quezon City|Niue|BI|2e657b8a-52a2-48e2-9687-8f6b1f531166
Dari|Ariella|204|Tijuana|Kenya|AT|1d26bb26-1784-48df-bbf8-c5a58fac0907
Konstance|Felizio|205|Portland|Indonesia|CR|026b9d03-d2c9-4535-8fb2-f29714a15813
Ninnetta|Carmena|206|Hat Yai|Anguilla|CS|a64804cf-306f-4f70-9ae3-0b8d0977178a
Mariele|Dulciana|207|Maracaibo|Greece|GQ|e9765575-5517-4916-939d-1282726c8188
Brana|Sinegold|208|Okinawa|Nepal|CI|4b93a3e4-bb71-4e06-9383-151ee9d0f85f
Nanete|Janith|209|Houston|Nauru|CH|b9d2ef12-89ef-419e-bbde-174516e51e1f
Tomasina|Flita|210|Nashville|Bermuda|TZ|763d9937-7269-4835-9a2f-79b916a7f6b6
Dagmar|Franza|211|Islamabad|Argentina|AG|403b17e4-5c90-4561-93f0-1ca3c95e2638
Binny|Poll|212|Belgrade|Eritrea|KI|aff7a75b-26fd-4f6d-a321-209a044b46c0
Leona|McClimans|213|Medina|Ecuador|LT|0414e7f4-b790-421f-ba68-ea7fefaf3823
Aurelie|O'Carroll|214|Abu Dhabi|Haiti|IT|33c1867c-75e0-4860-bc41-b46b8e800fc7
Selma|Vins|215|Honolulu|Hong Kong|GL|d937ebd8-033a-4b0f-a603-b5b06662d57a
Mildrid|Gert|216|Bujumbura|Netherlands Antilles|BA|049a559d-37c9-4b2e-b17a-27146ee7fc1c
Jobi|Gerge|217|Francistown|Saint Kitts and Nevis|KR|bcbe4638-3674-4f76-a462-b8ddbfce60b3
Carmencita|Nisbet|218|Zapopan|Bosnia and Herzegovina|MQ|b62ef878-a964-4977-b34c-b17cf9ab8a21
Melanie|Fredi|219|Vientiane|Tajikistan|GN|48214c0c-99d2-44d8-9bd3-55670c6dd3be
Laure|Konyn|220|Hanoi|United States|CN|69215c6c-3cf6-4ce0-b1cd-198ca3f3715f
Berget|Carri|221|Athens|Bahrain|TC|af939b8b-5bbe-4dba-a91e-ddb611beaaa1
Tatiania|Pitt|222|Melekeok|Reunion|MZ|e4fc7985-9dbe-4ff3-bdec-97f60008185d
Wynne|Abbot|223|Zürich|Kenya|PR|1154e627-5730-4d04-879f-ac68f2894466
Tamqrah|Shanley|224|Kansas City|Mauritania|BO|3db212ba-27e5-46fa-b2a2-16aa838c4af2
Hannis|Wind|225|Yekaterinburg|Norway|BD|46150a4b-d261-4173-b10f-1854e6954aeb
Gloria|An|226|N'Djamena|Palestinian Territory, Occupied|MZ|5fcb06fc-cdb6-4c3a-bc10-6262c354d1d3
Gaylene|Tiffa|227|Newcastle|Anguilla|BZ|36b13031-a5b8-48dd-ace5-4a88cdd05f9f
Fayre|Bari|228|Porto-Novo|Monaco|ZA|08a12e85-27e5-4325-9b85-18022381d83d
Fredericka|Dannye|229|Yerevan|Mali|VI|0e22ea9e-00ff-4ebc-803f-9cb07f1d383a
Ida|Alisia|230|Kabul|Hong Kong|FK|ba587baf-54a9-45b8-9432-64511b60addc
Dyann|Pierette|231|Toronto|Northern Mariana Islands|IR|4ccac42e-6c3b-4ce4-9e76-4644857abde1
Kary|Revkah|232|Dededo|Guatemala|TW|1cdabfc4-6126-4944-aa1c-729905810a73
Jobi|Berl|233|Puebla|Macao|BO|579b6495-fb32-4601-aeba-9297de274bb4
Fanny|Voletta|234|Charlotte|Bermuda|FM|fdd51b68-f28b-45b5-9cf1-10a2a49539e1
Barbi|Vittoria|235|Durango|Mauritania|TR|751bb923-57ce-4bd6-b37b-bb18f9e367a5
Ira|Kazimir|236|Nizhny Novgorod|Cook Islands|PY|b628cb31-8561-4e34-914a-fe59878205fa
Vanessa|Leler|237|Nukuʻalofa|Barbados|MT|52307736-f393-4081-ba62-d1836f07074a
Adele|Reidar|238|Oslo|Micronesia, Federated States of|VG|f4993588-984a-46b6-86dc-5dd35b4fe902
Halette|Lucienne|239|Jayapura|Colombia|TG|b159682d-8527-4da2-a70d-a3b13a7ff601
Allyce|Zaslow|240|Kaliningrad|Sudan|TZ|c7dd2947-2dff-4297-a863-239e2f249d22
Janey|Roscoe|241|Tartu|Uganda|VU|0a276169-7cd8-4b55-8cbe-eb0730108105
Kayla|Tound|242|Kolkata|Wallis and Futuna|ET|133915da-9940-49d8-bb22-112b04864119
Gale|Primalia|243|Arequipa|Maldives|AE|bd7d94bc-f913-4c1f-b5e2-db56bebf0e61
Imojean|Ferino|244|Labasa|Burundi|TC|359c3052-43ed-430c-b786-2e54861abce3
Gerianna|Trace|245|Edmonton|Algeria|TL|cfd3c0df-19a9-43cc-9aec-e7d3ea9394d8
Madeleine|Emmy|246|Maceió|Mongolia|NU|42b1a2e8-d661-476a-ad01-77e1842bedbd
Neila|Bohlin|247|Tagbilaran|Martinique|AE|67640de9-778a-4803-b665-d8ad086c3a04
Viki|Kylander|248|Indianapolis|Sao Tome and Principe|HU|9e0cad4f-3ec6-45a0-b8db-5291fa6e4c6d
Bee|Hubert|249|Ahmedabad|Burkina Faso|VG|724304b8-b94c-46f9-bc99-c7294301c4ef
Elora|Jaylene|250|Ushuaia|Gibraltar|MD|32fa2c19-639a-4943-898f-a918cae129da
Claudina|Constancy|251|Accra|Gibraltar|HM|13d70810-20c0-4a68-a9dd-836c161089f5
Carmencita|Matthew|252|Manchester|Switzerland|MD|cab617dc-945b-4510-bae4-a0a47a782415
Alex|Dominy|253|Hat Yai|Armenia|PK|14ae8cba-4a4c-4df1-9195-ffbb529b3c22
Brianna|Fitzsimmons|254|Malacca Town|Nicaragua|GF|dc84e0b5-c31b-4875-b258-8db82018d7c1
Kellen|Goddard|255|Santiago de Cuba|Palestinian Territory, Occupied|UA|109578e0-6b26-4d21-ad78-198b41bd7804
Marline|Argus|256|Hiroshima|Azerbaijan|CL|2ed55858-f0fa-4504-9703-080abfe54a11
Ruthe|Milson|257|Ipoh|Bosnia and Herzegovina|SZ|0d0a21bf-9f13-4cee-bda4-fe807c6785c4
Lilith|Dannye|258|Brussels|Reunion|SL|796090c1-0a2b-48d6-966b-b780ecb99916
Clarice|Breed|259|Pretoria|Georgia|SC|91a53fb2-adc9-49c0-89d5-af2b03c5c109
Karolina|Bury|260|Denpasar|Equatorial Guinea|CN|20a64392-7dc9-4596-96fe-1062360346ea
Katharina|Holbrook|261|Monaco|Macao|KR|fac6f9de-307d-43bb-8585-eadc7ff40864
Gertrud|Lasley|262|Quito|Finland|NF|0b3b9fb2-8c68-4cb8-a00c-1bbeef10b155
Myrtice|Catie|263|Medina|Bosnia and Herzegovina|MH|7f82d2ed-eac3-4494-90b1-94238d9a4381
Marjie|Nelsen|264|Mata-Utu|American Samoa|OM|6b7dce61-7fde-444d-b5e4-964f2b6e4a2f
Amelia|Woodberry|265|Naples|South Africa|NF|29768860-4d73-4ef5-90e0-3e90278770ed
Melanie|Mendez|266|City of San Marino|Spain|VI|0a54cda8-483b-4050-8846-ff8175d61872
Marika|Reneta|267|Malé|Mozambique|HM|ae6d6217-80fb-4410-bf57-d60e0c834eb7
Jacenta|Baptlsta|268|Asmara|Chile|BO|a954b2f1-339a-472a-ba41-f37ef4a05f91
Eve|Muriel|269|Adelaide|United Arab Emirates|TV|19974060-5520-4ba8-92ed-d9070da2a135
Kathi|Arathorn|270|Detroit|Falkland Islands (Malvinas)|LY|d5d309b7-3992-4525-a5b3-4d28f499f086
Julieta|Phaidra|271|Nice|Suriname|VN|a9653517-20c6-44ac-800f-0f6fab41ed58
Claresta|Palocz|272|Baltimore|Denmark|UZ|b3f0a7a0-839a-47dd-b1ad-45fc1f0cc40d
Lenna|Garek|273|Rotterdam|Norway|SY|4b6c1d3e-c956-49e9-a302-53d515990b9d
Esmeralda|Loeb|274|Cardiff|Brunei Darussalam|DZ|264f0166-af39-4ac5-b73f-ee76f94a80ac
Magdalena|Peti|275|Pretoria|Italy|GD|c2c8f08a-cea8-485b-8062-c57f69bd1068
Riannon|Morehouse|276|Chicago|Ethiopia|NG|6e85fbd8-f186-426c-9779-fc321e76d111
Dagmar|Scammon|277|Kaohsiung|Netherlands|LB|d56d8405-ed1d-4df9-88a0-a68eb67e5493
Jinny|Grayce|278|Vitória|Burundi|HN|4dff2333-6615-4555-81f4-d408c4b76e17
Atlanta|Dearborn|279|City of San Marino|Congo, The Democratic Republic of the|GG|16e1529c-c867-41d1-b9bd-c1b1af3aaed5
Trudie|Gilbertson|280|Moscow|India|MA|b357b709-e7a1-4d51-9355-14aabb5b4deb
Raf|Larochelle|281|Sapporo|Macedonia, The Former Yugoslav Republic of|CG|4d7ae086-e45c-4668-b422-665740331f99
Ann-Marie|Deny|282|Birkirkara|Australia|BS|dd6adb0b-ab40-48b1-80c9-272c7fd898d1
Caryl|Danby|283|Chuí|Afghanistan|MA|9334e25d-8dfe-4572-bedf-8f7f92055ce5
Fernande|Norvol|284|Sana'a|Tanzania, United Republic of|HK|34b8f951-8de9-4486-91cc-d0e682f94d84
Krystle|Joni|285|Castries|Sweden|KH|b3ea343b-0af3-4930-a585-98bc970c5bc4
Etta|Dex|286|Medina|Vanuatu|BG|7fb28fcd-5aa6-4161-bcd4-084b74f5bc50
Veda|Grayce|287|Montevideo|Madagascar|MM|4bd6b633-b598-4d04-af46-46148bcf8bdc
Ada|Bryna|288|Adamstown|Belarus|IN|20b70a78-6fe5-49e1-aa93-244f285e094e
Grier|Wareing|289|Lomé|Puerto Rico|KZ|8942f348-8ff9-40a6-bd84-edb7921c0255
Lulita|Stacy|290|Bratislava|Nauru|YT|7de8d313-bb3f-4a35-9fe6-59d324d60bbd
Consuela|Irmine|291|Almaty|Botswana|SH|dcb6db74-87ff-470d-a4c7-11331c48bf4b
Danika|Justinn|292|Kota Bharu|Niger|SY|ee79f642-79d3-44d8-b176-ae5c3e335092
Karlee|Bultman|293|Port Hedland|Greece|ET|206e11d2-4666-4a27-951f-1d27eb73944d
Angelique|Amand|294|Nanning|Singapore|AF|f5a00339-d5b8-4e2d-ad42-c59a6310b737
Fred|Baudin|295|Kyoto|Chad|SE|a1bbb997-f820-43f3-a8aa-ca1533345d56
Siana|Richers|296|Oranjestad|Thailand|BA|a64172a3-e015-4fb0-9858-90f69924533d
Kristan|Sallyann|297|Guatemala City|Liechtenstein|TO|02859ecb-be65-48f1-aaa3-0b37846f1e54
Vinita|Standing|298|Wuhan|Kiribati|BE|0c0c55ce-20d1-4c85-8c98-c3a2c0ab70e6
Cathie|Arne|299|Brasília|Austria|MT|65251cf4-94c4-429d-a431-61f30a2fb236
Alejandra|Alice|300|Basra|Mauritius|KW|3e69c68f-f52b-4702-941b-4e7c80baa8ed
Teddie|Deny|301|Amsterdam|Lesotho|KG|a24ee5a5-4b99-4687-8afb-29e90f64d341
Florencia|Quent|302|Tartu|Belize|IS|d7733f63-a5f5-4e34-a4e8-c2c29ff1b180
Mahalia|Malanie|303|Tirana|Jamaica|JE|6d2b7d80-0291-45ef-8b63-da579d3dd71d
Neila|Danby|304|Monrovia|Samoa|DJ|daf57479-a708-4d33-8ee1-c31d188bcf1c
Ardenia|Chapland|305|Alexandria|Paraguay|KP|7629d35a-7ba5-4c5b-8324-df728675cb0b
Marita|Gale|306|Kano|Palau|AF|c541ff29-9ccb-462f-b99e-004df41a79ef
Sharlene|Morehouse|307|Tallinn|Argentina|BF|6634e698-ea57-4ef4-8f00-0060068f3972
Edyth|Nore|308|Labasa|Somalia|BM|a4cf0207-e411-495d-b853-444e44ef14a4
Peri|Pacorro|309|Chişinău|Gabon|IQ|a362b253-284b-4699-b9bb-3ae97de5ebb4
Trixi|Urias|310|N'Djamena|Djibouti|ES|c813ab8f-1f17-460d-bb0a-2db3c1beed09
Elmira|Gaulin|311|Apia|French Southern Territories|FM|bb2c7be7-5cea-425e-bcef-f29dce69897a
Helsa|Bluh|312|Medan|Qatar|MQ|7ec550d2-7c7c-407d-972c-30f97e2111f9
Ivett|Merriott|313|Horta (Azores)|Peru|TJ|250b5953-fb4e-4ecb-a56f-e3b9270d931c
Louella|Shields|314|Washington|Bahrain|TF|f18e591d-e4c8-4b8f-a881-22fd94ec7465
Lanna|Amadas|315|Chuí|Nepal|TK|62ebf772-effe-44e3-80d6-f9debf8db21f
Desirae|Saint|316|Winnipeg|Cyprus|SN|3863c5b7-bb65-48fc-bbdd-dfe336668e7d
Elena|Celestine|317|Kansas City|Suriname|HK|d15d68b5-e77e-44f9-8715-b893d6eb3afc
Bobinette|MacIntosh|318|Strasbourg|Antigua and Barbuda|TH|f832a79b-f699-4b1c-9d27-994beeafbd75
Anica|Azeria|319|Mandurah|Haiti|TG|dd37f953-dbbc-49b9-9e80-8e95732afb0a
Abbie|Johanna|320|Mogadishu|"Lao People""S Democratic Republic"|CA|1cdb07a5-2cf4-40c0-aa2e-d93a54cd080c
Jaclyn|Pettiford|321|Wellington|Myanmar|ML|1c845152-6012-4f52-96d9-a83fa20ab44a
Babita|Lareena|322|Rockhampton|Sudan|AN|4598c59b-1713-4881-8ae5-387706380b1a
Aili|Horan|323|Washington|Viet Nam|MT|980f227c-3e24-4a19-9b98-f07cf833d1bb
Dominga|Denis|324|Hanover|Marshall Islands|CF|69c847e9-be90-4513-98b5-1f8cf543e257
Katharina|Garek|325|Naples|Chile|EC|48a3d4b3-a9c4-4d13-a698-91607df73c41
Cyndie|Pacorro|326|Konya|Mayotte|VG|6108dbf4-e352-44fb-a38a-8d7f1d860411
Sam|Zrike|327|Harbin|Ghana|BT|71d18964-6e0a-44d1-8d1e-9c8e8579b2ae
Stacey|Iaverne|328|Weno|China|HT|668d89e8-796d-435d-86de-c39829da410b
Althea|Bendick|329|Nairobi|Palau|RO|4e683819-ab9b-4a00-9257-dae56080e6ca
Melina|Levey|330|San Francisco|Papua New Guinea|NL|7b4867db-76be-4a23-a96e-ece2d6ea5868
Sidoney|Yate|331|Mérida|American Samoa|NC|bf9df33f-699b-4f43-bf43-f23a7d959828
Willetta|Wesle|332|Port Moresby|Indonesia|TZ|5381fc44-f949-4884-88ec-8da8ef918f1b
Cassondra|Magnolia|333|Managua|Guinea-Bissau|BA|31bcc619-0915-45c5-b7a1-ab087b0bf467
Tressa|Cottle|334|Malmö|Fiji|BV|da6585d5-2523-4890-82f7-c207a2bbe923
Gianina|Hull|335|Shanghai|Venezuela|LC|31734862-1050-4619-990a-cb348c3d5e09
Cissiee|Aida|336|Quebec City|Barbados|GS|af7b8c8e-4fd2-4959-a0a8-6937a27a8e68
Judy|Pitt|337|St. John's|Denmark|NL|09c78807-909c-4e3d-bf5c-256e66898ce7
Alex|Wyn|338|Lucknow|Chad|SL|ed7c4cf1-c12a-4456-adf4-19b0485fcd07
Cissiee|Anis|339|Phoenix|Puerto Rico|IO|f72ed401-7ee0-44dc-b671-128e1a973a0c
Shannah|Nance|340|Indianapolis|Sri Lanka|SK|b3fb2100-8d40-4bb9-b8b9-3a25197d836f
Deirdre|Autrey|341|Winnipeg|Netherlands Antilles|SC|f93c3c16-309c-41dc-9ca5-181131b7e30e
Lauryn|Henebry|342|Melekeok|Slovakia|PN|0a7c797c-86a8-4487-9554-f8c41987c804
Cathyleen|Yuille|343|Cannes|Tanzania, United Republic of|CK|c653a517-c451-41a9-9304-4b08ba9c38f1
Ada|Cookie|344|New Orleans|Cyprus|PT|9c97ceef-0b3f-4601-b604-c5d2cf598776
Alejandra|Bluh|345|South Tarawa|Turkey|AO|324aa299-1911-4d3a-9acc-345b073f993d
Ayn|Pierette|346|Tashkent|Solomon Islands|CZ|54ca940b-70f6-4266-9f1a-c670b84112f9
Henriette|Liva|347|Gaborone|Bangladesh|SV|bfaf283c-a8bf-4f28-89ac-7bd3634a607b
Kaja|Chobot|348|Hong Kong|Niger|BE|3bd703ff-922f-4205-b4f5-f2c6c5a86fed
Rhea|August|349|Petropavlovsk-Kamchatsky|AndorrA|GN|93f47177-0e9d-452d-b934-db9d22baaede
Mignon|Laverne|350|Oslo|Lebanon|CH|a893d679-cf6a-4d9a-8d70-4bda654c0861
Dulcinea|Ciapas|351|Gaza|Mali|BN|c7064b9f-7315-4fd4-936c-53a979bf4990
Shandie|Izaak|352|Addis Ababa|South Georgia and the South Sandwich Islands|CN|b82bb629-828e-4b37-bbf1-305566e33e10
Flory|Elisha|353|Busan|"Cote D""Ivoire"|LB|7dd0f8f8-55f6-4be3-a9ba-24c89758e72d
Luci|Tremayne|354|Casablanca|Belgium|VE|107a4b10-e3df-486f-ae44-4474d5737aa4
Eolanda|Muriel|355|Tampa|Greece|BA|d25bd7e9-34c9-4d72-a5d1-fd89b39de2f9
Joceline|Nikaniki|356|Lucknow|South Georgia and the South Sandwich Islands|NE|55946e7b-0b41-4243-8013-fd8d3c631ce9
Farrah|Land|357|Iquique|Kenya|AO|62a661c9-eb0d-44e9-b58d-150239465276
Josephine|Haymes|358|Santa Cruz de la Sierra|Holy See (Vatican City State)|GA|ff5a5a24-55db-42fa-9197-939e028ea824
Ashlee|Merat|359|Wuhan|American Samoa|IO|05070734-c14f-4e7a-9c23-8a812277fd9b
Alex|Loleta|360|Maracaibo|Guernsey|BW|22a7421c-faf4-4a2a-9cfa-785124a0e0a7
Doro|Malvino|361|Papeete|Swaziland|GI|f209a1d2-ef76-44b1-8a3a-4b9976aa2aac
Chrystel|Kendrick|362|Davao City|Papua New Guinea|NI|55717f08-86fc-4df7-9029-45e081f2dc95
Alie|Cimbura|363|Munich|Cyprus|GL|f8fde452-3088-4b60-835c-5c1799b292b5
Ellette|Suzetta|364|Makati City|Japan|KY|7c7726d2-2b3b-4cac-b91b-983d92bbd276
Willetta|Lorain|365|Ibiza|Bolivia|MD|33be3801-091f-4496-90cb-b29075ec378f
Codie|Chick|366|Stanley|Norfolk Island|LT|157f5e15-e705-4956-8750-cc2838e2cb91
Annora|O'Carroll|367|Ho Chi Minh City|Japan|IR|101cc261-42e8-4ef7-b7bc-a67e36b510a9
Halette|Olnee|368|Amsterdam|Åland Islands|JP|9610949a-1803-4b39-ab4e-e640dc55504e
Britni|Gale|369|Nukus|Cyprus|BV|ea4e6dd8-5d35-4e99-879f-6514198318d0
Hildegaard|Cottle|370|Chişinău|Tonga|CO|70b204ba-0852-4460-a91b-d80433ee9600
Tobe|Toni|371|Praia|Jordan|LC|773825f1-ae52-4c8d-8a41-c82bffabe8b2
Fidelia|Gerge|372|Graz|Ghana|JO|186d0fca-5260-4405-88c5-303dd0818185
Lila|Belanger|373|Bandar Seri Begawan|Macao|NA|e893c1d5-5ee5-4a45-98ca-e5a8583985a0
Vonny|Katrine|374|Shenyang|Mozambique|KZ|2b857b07-462d-4bba-9f92-ea27cce5cd59
Rochette|Ezar|375|Malang|Eritrea|FR|ae13167f-84c7-4234-b24b-e944a4f05d7f
Vita|Pierette|376|Riyadh|Gibraltar|AM|ad91cb11-9ec8-42fa-a1d3-ee933ad0e16f
Wilma|Cohdwell|377|Ndola|Japan|LU|d6a20a52-27b7-4cf3-91c5-cd18c79d87aa
Marnia|Wilona|378|Naypyidaw|Indonesia|GE|05b82c7a-571a-4fea-be54-43e39b89f239
Fawne|Milson|379|Mamoudzou|Trinidad and Tobago|GG|57249028-2e2e-4d8b-87d5-f8217903059c
Augustine|Ahab|380|Malang|Barbados|RO|04d9da93-331e-492f-993a-c307c659571a
Viviene|Mayeda|381|Chişinău|Madagascar|PW|f28678bd-0232-46cf-b393-d253603309a1
Alejandra|Parette|382|Tabriz|Eritrea|SN|74ea6ecb-6cf7-4e61-bc55-9d9bd2ae4357
Jan|Fillbert|383|Conakry|AndorrA|TK|2cadae4c-cf36-4421-b68f-7454e5d994ea
Rori|Rocray|384|Port Elizabeth|Aruba|TN|8c4ab2db-edf4-4c44-a244-baff48509a5f
Korrie|Danby|385|Adana|New Zealand|GN|0c6c250b-a443-4d13-80d8-46076181a600
Jenda|Hull|386|Ipoh|United States|AT|6616f572-377a-4ddd-8109-96072e886400
Shaine|Aldric|387|Saint John|Iran, Islamic Republic Of|LR|e074c69d-a5ee-43f3-ac99-2ccf01bd7512
Dolli|Jobi|388|San José|"Lao People""S Democratic Republic"|GA|ae0e9056-5f89-418d-8889-6c027df5036c
Gertrud|Bivins|389|Serekunda|Angola|VI|ea8b7a40-430b-4c08-90e4-95a7982ab3fc
Lorne|Sothena|390|Lilongwe|Bahamas|ES|5c5a75fb-94b1-47da-91da-ada83ba3d179
Lacie|Campball|391|Cebu City|Slovenia|BN|aa506b2c-006c-473d-9994-9ff3ee995492
Christian|Wareing|392|Tripoli|Tuvalu|IT|887fb145-ddf6-4781-9e83-05c089fe99fb
Dione|Tamsky|393|Adamstown|Mali|TH|e3838e9f-a918-45bd-bd64-49e2314dc82c
Wanda|Niccolo|394|Yangon|Somalia|BW|dbe67e89-d7c7-4190-94e4-5230aa42c937
Carilyn|Gherardo|395|Guadalajara|Egypt|LV|18817a97-e0f9-4198-b739-6a89ee708797
Moyna|Riordan|396|Zürich|Liberia|BA|ed7d06fa-288d-4889-b12b-544dfa884e96
Rosanne|Katrine|397|Wichita|Colombia|GB|e00bbe05-11e5-42c9-944b-39ebbce74572
Elena|Serilda|398|Saskatoon|Botswana|US|3805926d-7232-4d67-a489-bd66205d9608
Wynne|Morehouse|399|Saint-Denis|Turks and Caicos Islands|SD|d623bb91-1bc0-4401-b5a0-afccab795499
Rori|Wenda|400|Nicosia|Singapore|GM|cc4b40ee-f0c0-42a5-9cde-586bbacb5b50